predicted_class,Description,Symptoms,Causes
Apple_Apple_scab,"Apple scab is a fungal disease that affects apple trees. It is caused by the fungus Venturia inaequalis. The disease primarily affects the leaves, fruit, and twigs of apple trees, causing dark, scaly lesions to develop. These lesions can lead to defoliation and reduced fruit quality. Apple scab is more prevalent in humid and wet conditions, and its severity can vary depending on the apple cultivar and environmental factors.","Dark, scaly lesions on the leaves, fruit, and twigs of apple trees.
 Lesions may appear olive-green at first and gradually turn brown or black.
 Severely infected leaves may become distorted, curled, or deformed.
 Infected fruit can develop cork-like spots, cracks, or lesions, leading to blemishes and reduced market value.","Apple scab is primarily caused by the fungus Venturia inaequalis. The fungus survives in infected plant debris, fallen leaves, or in dormant buds during the winter. In spring, spores are released and spread to the apple tree through rain splashes or wind. The fungus infects the tree's tissues, and under favorable conditions of high humidity and temperatures around 60-75°F (15-24°C), the disease progresses and symptoms become visible.

Apple scab can also be spread through infected nursery stock, pruning tools, or by other means of mechanical transmission. Additionally, improper sanitation practices, such as leaving fallen leaves or infected plant debris in the vicinity of apple trees, can contribute to disease persistence and recurrence."
Apple_Black_rot,"Black rot is a fungal disease that affects apple trees. It is caused by the fungus Botryosphaeria obtusa. The disease primarily affects the fruit of apple trees, causing circular, black lesions to develop. These lesions can spread to the leaves and twigs, leading to fruit rot and tree decline. Black rot can significantly impact apple production and quality.","Circular, black lesions on the fruit of apple trees.
Lesions may have a distinct margin and appear sunken or depressed.
Infected fruit may become shriveled, mummified, or completely rotted.
Lesions can also occur on the leaves and twigs, leading to defoliation and dieback.","Black rot is primarily caused by the fungus Botryosphaeria obtusa. The fungus overwinters in infected fruit mummies or cankers on the tree. In spring, spores are released and spread to susceptible tissues during rain or irrigation events. Warm and humid weather conditions promote disease development. The fungus can also enter the tree through wounds or injuries, such as pruning cuts or insect feeding sites."
Apple_Cedar_apple_rust,"Cedar apple rust is a fungal disease that affects apple trees. It is caused by the fungus Gymnosporangium juniperi-virginianae. The disease requires both apple trees and Eastern red cedar trees (Juniperus virginiana) for its life cycle. Cedar apple rust primarily affects the leaves and fruit of apple trees, causing orange, gelatinous lesions to develop.","Orange, gelatinous lesions on the leaves and fruit of apple trees.
Lesions may have a spiky or horn-like appearance.
Infected leaves may exhibit curling, distortion, or premature defoliation.
Lesions on fruit can cause deformities, russeting, or cork-like spots.","Cedar apple rust is caused by the fungus Gymnosporangium juniperi-virginianae. The disease requires both apple trees and Eastern red cedar trees (Juniperus virginiana) to complete its life cycle. During wet spring conditions, spores are released from the galls on cedar trees and carried by wind to apple trees. Infection occurs when spores land on susceptible apple tissues. The disease cycle continues as the fungus produces spores on apple trees, which are then carried back to cedar trees, completing the cycle."
Apple_healthy,Represents a healthy apple tree without any disease symptoms.,"A healthy apple tree exhibits vigorous growth and has lush green leaves. The leaves are free from any discoloration, spots, or lesions. The tree produces an abundant crop of apples with no visible signs of damage or disease. The apples have a normal size, shape, and color.","The health of an apple tree is attributed to favorable growing conditions and the absence of diseases, pests, and nutrient deficiencies. Healthy apple trees require proper sunlight, water, and nutrient levels in the soil. Adequate spacing between trees, good air circulation, and regular pruning contribute to the overall health and vitality of apple trees."
Blueberry_healthy,Represents a healthy blueberry plant without any disease symptoms.,"A healthy blueberry plant displays vigorous growth with dense foliage. The leaves are vibrant green and show no signs of discoloration, spots, or lesions. The plant produces abundant clusters of plump blueberries that are fully ripe and free from damage or disease. The stems and branches are strong and free from any signs of wilting or decay.","The health of a blueberry plant is influenced by suitable growing conditions and the absence of diseases, pests, and nutrient deficiencies. Healthy blueberry plants require acidic soil, proper irrigation, and sufficient sunlight. Regular pruning, weed control, and appropriate fertilization contribute to the overall health and productivity of blueberry plants"
Cherry_(including_sour)_Powdery_mildew," Powdery mildew is a fungal disease that affects cherry trees, including sour cherry varieties. It is caused by the fungus Podosphaera clandestina. Powdery mildew appears as a white, powdery coating on the leaves, causing them to curl and deform. The disease can negatively impact fruit quality and yield.","White, powdery coating on the leaves of cherry trees.
Leaves may curl, twist, or become distorted.
Severe infections can cause defoliation, leading to reduced tree vigor.
Fruit quality may be affected, with surface blemishes or reduced size."," Powdery mildew in cherry trees is primarily caused by the fungus Podosphaera clandestina. The disease thrives in warm and humid conditions. It can overwinter on infected buds or plant debris and spread through airborne spores. The spores germinate on the cherry tree leaves and initiate infection. The disease can progress rapidly under favorable conditions, leading to the development of visible symptoms."
Cherry_(including_sour)_healthy,"Represents a healthy cherry tree, including sour cherry varieties, without any disease symptoms.","A healthy cherry plant does not exhibit any visible symptoms of diseases or abnormalities. The leaves are green and vibrant, the fruits are plump and free from blemishes, and the overall plant appears vigorous and robust.","The absence of disease symptoms in a cherry plant is primarily due to the plant being free from any pathogenic infections, pests, or environmental stresses. Proper care, including regular watering, adequate nutrition, and appropriate pest control measures, can contribute to maintaining a healthy cherry plant."
Corn_(maize)_Cercospora_Gray_leaf_spot,"Cercospora leaf spot is a fungal disease that affects corn (maize) plants. It is caused by the fungus Cercospora zeae-maydis. The disease primarily affects the leaves of the corn plant, causing small, tan to brown lesions with a yellow halo. As the disease progresses, the lesions may coalesce, leading to extensive leaf damage and reduced photosynthetic capacity.","Small, tan to brown lesions with a yellow halo on corn leaves.
Lesions may have a characteristic ""shot-hole"" appearance.
Lesions can coalesce, resulting in larger necrotic areas on the leaves.
Severe infections can lead to defoliation and reduced yield.","Cercospora leaf spot is caused by the fungus Cercospora zeae-maydis. The disease is favored by warm and humid conditions. Spores of the fungus are spread by wind and rain splash, infecting the corn leaves through natural openings or wounds. The fungus can also survive on crop residues, contributing to the disease cycle in subsequent seasons.

Managing cercospora leaf spot involves employing cultural practices such as crop rotation and residue management to reduce inoculum levels. Fungicide applications may be necessary in severe cases to prevent further disease spread."
Corn_(maize)Common_rust," Common rust is a fungal disease that affects corn (maize) plants. It is caused by the fungus Puccinia sorghi. Common rust primarily affects the leaves of the corn plant, causing small, raised, reddish-brown to orange pustules. The disease can lead to reduced photosynthetic capacity and yield losses in severe cases.","Small, raised pustules on the upper leaf surface of corn plants.
Pustules may start as reddish-brown and turn orange as spores develop.
Pustules can also occur on leaf sheaths, husks, and other above-ground plant parts.
Severe infections can lead to premature leaf senescence and reduced grain fill.","Common rust is caused by the fungus Puccinia sorghi. The disease is favored by warm and humid conditions. The fungus overwinters on alternate hosts or on crop residues and can be spread through wind-dispersed spores. Infection occurs through direct contact between the spores and corn leaves.

Managing common rust involves selecting resistant corn varieties and implementing cultural practices such as proper plant spacing and adequate fertilization to promote plant health. Fungicide applications may be considered in severe cases, especially when susceptible hybrids are planted."
Corn_(maize)_Northern_Leaf_Blight,"Northern leaf blight is a fungal disease that affects corn (maize) plants. It is caused by the fungus Exserohilum turcicum. The disease primarily affects the leaves of the corn plant, causing long, elliptical lesions that are tan to brown in color. Severe infections can lead to significant leaf damage and yield losses.","Long, elliptical lesions on corn leaves, typically tan to brown in color.
Lesions may have a ""cigar-shaped"" appearance and may expand along the leaf veins.
Lesions can coalesce, resulting in larger necrotic areas on the leaves.
Severe infections can cause premature leaf death and reduced grain fill.","Northern leaf blight is caused by the fungus Exserohilum turcicum. The disease is favored by moderate temperatures and high humidity. Spores of the fungus are spread by wind and rain splash, and infection occurs through natural openings or wounds on the leaves. The fungus can overwinter on crop residues and survive in the soil.

Managing northern leaf blight involves employing cultural practices such as crop rotation and residue management to reduce disease pressure. Planting resistant corn hybrids and timely fungicide applications may also be necessary, especially in regions with a history of the disease."
Corn_(maize)_healthy,Represents a healthy corn plant without any disease symptoms.,"A healthy corn plant exhibits vigorous growth and vibrant green leaves. The leaves are free from any discoloration, lesions, or spots. The plant has strong stems and healthy roots. The ears of the corn plant are fully developed, filled with plump kernels, and show no signs of damage or disease.","The absence of symptoms in a healthy corn plant is a result of favorable growing conditions and the plant being free from diseases, pests, and nutrient deficiencies. Healthy corn plants require adequate sunlight, water, and nutrient availability. Proper crop rotation, weed control, and pest management practices contribute to maintaining the health of corn plants."
Grape_Black_rot,"Black rot is a fungal disease that affects grapevines. It is caused by the fungus Guignardia bidwellii. Black rot primarily affects the leaves, fruit, and canes of grapevines, causing characteristic symptoms that include dark brown to black lesions with concentric rings. The disease can lead to severe fruit rot and significant yield losses.","Dark brown to black lesions with concentric rings on grape leaves, fruit, and canes.
Lesions on leaves may have a wedge-shaped appearance with yellow halos.
Infected fruit develop shriveled, black mummies that remain attached to the clusters.
Severe infections can cause defoliation and reduced vine vigor.","Black rot is caused by the fungus Guignardia bidwellii. The disease thrives in warm and humid conditions. The fungus overwinters in infected plant debris and can spread through wind-dispersed spores or rain splash. Infection occurs through natural openings or wounds on the plant tissues.

Managing black rot involves implementing cultural practices such as pruning to improve air circulation and reduce disease pressure. Fungicide applications at appropriate timings are also important for disease control, especially during critical periods of fruit development."
Grape_Esca_(Black_Measles),"Esca, also known as black measles, is a complex grapevine disease that involves multiple fungi, including Phaeomoniella chlamydospora and Phaeoacremonium spp. Esca affects the wood and foliage of grapevines, causing a range of symptoms such as leaf discoloration, trunk cankers, and wood decay. The disease can lead to reduced vine vigor and yield losses.","Leaf discoloration, including yellowing or browning of leaf veins and interveinal tissues.
Brown to black streaks or spots on the trunk and arms of the grapevine.
Wood decay, with brown discoloration and white rot in the affected tissues.
""Tiger stripes"" or dark streaks in the cross-section of pruned wood.","Esca is a complex disease caused by multiple fungi, including Phaeomoniella chlamydospora and Phaeoacremonium spp. The exact mechanisms of infection and disease development are not fully understood, but the disease is often associated with wounds or pruning cuts. The fungi can colonize the wood and foliage of grapevines, leading to the characteristic symptoms of esca.

Managing esca involves implementing preventive measures such as using certified disease-free planting material and practicing proper pruning techniques. Fungicide treatments may be used, but their efficacy is limited. Cultural practices to improve vine health, such as balanced nutrition and water management, can also help reduce disease incidence."
Grape_Leaf_blight_(Isariopsis_Leaf_Spot),"Leaf blight, also known as Isariopsis leaf spot, is a fungal disease that affects grapevines. It is caused by the fungus Isariopsis spp. Leaf blight primarily affects the leaves of grapevines, causing circular to irregular lesions with a grayish center and dark brown margins. Severe infections can lead to defoliation and reduced vine vigor.","Circular to irregular lesions on grape leaves, with a grayish center and dark brown margins.
Lesions may coalesce, resulting in larger necrotic areas on the leaves.
Infected leaves may curl, wither, and prematurely drop from the vine.
Under high humidity, grayish spore masses may be visible on the lesions.","Leaf blight is caused by the fungus Isariopsis spp. The disease development is favored by warm and humid conditions. The fungus can overwinter in infected plant debris and is spread by wind-dispersed spores. Infection occurs through natural openings or wounds on the grape leaves.

Managing leaf blight involves implementing cultural practices such as pruning to improve air circulation and reduce disease pressure. Fungicide applications at appropriate timings, especially during periods of rapid leaf growth, can help prevent severe infections and reduce disease impact."
Grape_healthy,Represents a healthy grapevine without any disease symptoms.,"A healthy grapevine exhibits vigorous growth with lush green leaves. The leaves are free from any discoloration, spots, or lesions. The vine produces abundant clusters of grapes that are fully ripe and free from damage or disease. The grapes have a normal size, shape, and color. The vine's stems and branches are strong and show no signs of wilting or decay.","The health of a grapevine is influenced by favorable growing conditions and the absence of diseases, pests, and nutrient deficiencies. Healthy grapevines require proper sunlight, well-drained soil, and adequate irrigation. Regular pruning, trellising, and proper vineyard management practices contribute to the overall health and productivity of grapevines"
Orange_Haunglongbing_(Citrus_greening),"Huanglongbing (HLB), also known as citrus greening, is a bacterial disease that affects citrus plants, including oranges. It is caused by the bacterium Candidatus Liberibacter asiaticus. HLB affects various parts of the citrus tree, including the leaves, fruit, and roots, causing a range of symptoms and ultimately leading to tree decline.","Yellowing and blotchy mottling on citrus leaves, typically starting on lower branches.
Misshapen, lopsided, or small-sized fruits that do not ripen properly.
Premature fruit drop and reduced yield.
Stunted growth, twig dieback, and root decline."," Huanglongbing is caused by the bacterium Candidatus Liberibacter asiaticus, which is transmitted by the Asian citrus psyllid insect. Infected psyllids spread the bacteria when they feed on the phloem sap of citrus plants. The bacteria colonize the citrus tree's vascular system, leading to nutrient deficiencies and disruption of normal physiological processes.

Managing HLB involves a multi-faceted approach, including cultural practices, insect control, and disease management. Strategies include planting disease-free citrus trees, implementing monitoring programs for psyllid control, removing and destroying infected trees, and utilizing bactericides to suppress the bacterial populations. Additionally, ongoing research aims to develop resistant citrus varieties to combat the disease."
Peach_Bacterial_spot," Bacterial spot is a bacterial disease that affects peach and other stone fruit trees. It is caused by the bacterium Xanthomonas arboricola pv. pruni. Bacterial spot primarily affects the leaves, fruit, and twigs of peach trees, causing characteristic dark brown to black lesions with a water-soaked appearance. The disease can lead to significant fruit rot and defoliation.","Dark brown to black lesions with a water-soaked appearance on peach leaves, fruit, and twigs.
Lesions may have a target-like appearance with concentric rings.
Infected fruit develop sunken, dark-colored lesions that can expand and lead to fruit rot.
Severe infections can cause defoliation and reduced yield."," Bacterial spot is caused by the bacterium Xanthomonas arboricola pv. pruni. The disease development is favored by warm and wet conditions. The bacterium can overwinter on infected plant debris and can be spread by rain splash, wind, or insect vectors. Infection occurs through natural openings or wounds on the peach tree.

Managing bacterial spot involves implementing cultural practices such as pruning to improve air circulation and reduce disease pressure. Copper-based sprays are commonly used to suppress the bacterial population, and applications are timed to coincide with periods of high disease pressure, such as before rainfall events."
Peach_healthy,Represents a healthy peach tree without any disease symptoms.,"A healthy peach tree exhibits vigorous growth with dense foliage. The leaves are vibrant green and show no signs of discoloration, spots, or lesions. The tree produces abundant fruits that are fully ripe, juicy, and free from damage or disease. The peaches have a normal size, shape, and color. The tree's branches and trunk are strong and show no signs of wilting or decay.","The health of a peach tree is influenced by suitable growing conditions and the absence of diseases, pests, and nutrient deficiencies. Healthy peach trees require proper sunlight, well-drained soil, and regular irrigation. Adequate spacing between trees, good air circulation, and appropriate pruning contribute to the overall health and productivity of peach trees."
Pepper_bell_Bacterial_spot,"Bacterial spot is a bacterial disease that affects pepper (bell) plants. It is caused by the bacterium Xanthomonas euvesicatoria. Bacterial spot primarily affects the leaves, fruit, and stems of pepper plants, causing characteristic dark, water-soaked lesions that may develop into necrotic areas. Severe infections can lead to defoliation and reduced yield.","Dark, water-soaked lesions on pepper leaves, fruit, and stems.
Lesions may enlarge and become necrotic, leading to tissue collapse.
Infected fruit develop raised, corky lesions that can render them unmarketable.
Severe infections can cause defoliation and reduced plant vigor.","Bacterial spot is caused by the bacterium Xanthomonas euvesicatoria. The disease development is favored by warm and wet conditions. The bacterium can overwinter in infected plant debris and can be spread by wind, rain, or contaminated tools. Infection occurs through natural openings or wounds on the pepper plant.

Managing bacterial spot in peppers involves implementing cultural practices such as crop rotation and residue management to reduce disease pressure. Copper-based sprays are commonly used to suppress the bacterial population, and applications are timed to coincide with periods of high disease pressure, such as before rainfall events. Additionally, planting resistant pepper varieties can be an effective strategy for disease control."
"Pepper,_bell_healthy",Represents a healthy bell pepper plant without any disease symptoms.,"A healthy bell pepper plant displays vigorous growth with lush green foliage. The leaves are free from any discoloration, spots, or lesions. The plant produces abundant bell peppers that are fully ripe and free from damage or disease. The peppers have a normal size, shape, and color. The stems and branches are strong and show no signs of wilting or decay.","The health of a bell pepper plant is influenced by favorable growing conditions and the absence of diseases, pests, and nutrient deficiencies. Healthy bell pepper plants require proper sunlight, well-drained soil, and regular watering. Adequate spacing, good air circulation, and proper nutrient levels in the soil contribute to the overall health and productivity of bell pepper plants."
Potato_Early_blight,"Early blight is a fungal disease that affects potato plants. It is caused by the fungus Alternaria solani. Early blight primarily affects the leaves of potato plants, causing dark, target-like lesions with concentric rings. The disease can progress to affect the stems, petioles, and tubers, leading to reduced yield and quality.","Dark, target-like lesions with concentric rings on potato leaves.
Lesions may have a bullseye appearance and can expand to cover large areas of the leaf.
Infected stems and petioles may develop dark, sunken lesions.
Tubers can develop shallow, sunken lesions that may rot during storage.","Early blight is caused by the fungus Alternaria solani. The disease development is favored by warm and humid conditions. The fungus can overwinter in infected plant debris and can be spread by wind, rain, or contaminated tools. Infection occurs through natural openings or wounds on the potato plant.

Managing early blight involves implementing cultural practices such as crop rotation, sanitation, and timely planting to reduce disease pressure. Fungicide applications may be necessary, especially during periods of high disease pressure. Regular scouting and removal of infected plant material can help prevent disease spread."
Potato_Late_blight,"Late blight is a devastating fungal disease that affects potato plants. It is caused by the oomycete pathogen Phytophthora infestans. Late blight can rapidly spread and cause significant damage to foliage, stems, and tubers, leading to crop loss.","Dark, water-soaked lesions on potato leaves that rapidly expand and turn brown.
Lesions may have a fuzzy or greasy appearance and can cover large areas of the leaf.
White, cottony growth may be visible on the underside of infected leaves during moist conditions.
Infected stems and tubers may develop dark, firm lesions that can rot.","Late blight is caused by the oomycete pathogen Phytophthora infestans. The disease development is favored by cool and moist conditions. The pathogen can survive in infected plant debris and can be spread by wind-dispersed spores. Infection occurs through natural openings or wounds on the potato plant.

Managing late blight requires an integrated approach, including cultural practices and fungicide applications. Strategies include crop rotation, early detection and removal of infected plants, and regular monitoring for disease development. Fungicides with specific modes of action should be used in a preventive manner to manage the disease and minimize the risk of developing resistance."
Potato_healthy,Represents a healthy potato plant without any disease symptoms.,"Healthy potato plants display vigorous growth with lush green foliage. The leaves are free from any discoloration, spots, or lesions. The plants produce healthy and well-developed potato tubers. The tubers have a normal size, shape, and color, without any signs of damage or disease. The stems and foliage are strong and show no signs of wilting or decay.","The health of potato plants is influenced by suitable growing conditions and the absence of diseases, pests, and nutrient deficiencies. Healthy potato plants require well-drained soil, proper irrigation, and adequate spacing. Regular removal of weeds, proper crop rotation, and balanced fertilization contribute to the overall health and productivity of potato plants."
Raspberry_healthy,Represents a healthy raspberry plant without any disease symptoms.,"Healthy raspberry plants display vigorous growth with dense and healthy foliage. The leaves are vibrant green and show no signs of discoloration, spots, or lesions. The plants produce abundant clusters of ripe raspberries that are free from damage or disease. The raspberries have a normal size, shape, and color. The stems and branches are strong and show no signs of wilting or decay.","The health of raspberry plants is influenced by favorable growing conditions and the absence of diseases, pests, and nutrient deficiencies. Healthy raspberry plants require well-drained soil, proper irrigation, and sufficient sunlight. Regular pruning, weed control, and appropriate fertilization contribute to the overall health and productivity of raspberry plants."
Soybean_healthy,Represents a healthy soybean plant without any disease symptoms.,"Healthy soybean plants display vigorous growth with dense foliage. The leaves are lush green and show no signs of discoloration, spots, or lesions. The plants produce abundant and healthy soybean pods that are fully developed and free from damage or disease. The stems and branches are strong and show no signs of wilting or decay.","The health of soybean plants is influenced by suitable growing conditions and the absence of diseases, pests, and nutrient deficiencies. Healthy soybean plants require proper sunlight, well-drained soil, and regular watering. Adequate spacing, proper crop rotation, and appropriate fertilization contribute to the overall health and productivity of soybean plants."
Squash_Powdery_mildew,"Powdery mildew is a fungal disease that affects various squash plants, including zucchini, pumpkins, and cucumbers. It is caused by different species of the fungi Podosphaera and Erysiphe. Powdery mildew appears as a white, powdery coating on the leaves, stems, and fruits of squash plants.","White, powdery coating on the upper surface of squash leaves, stems, and fruits.
Infected leaves may become distorted, stunted, or curl upward.
Severe infections can cause yellowing, wilting, and premature defoliation.
Fruits may develop sunken, discolored areas and have a reduced quality.","Powdery mildew is caused by various species of the fungi Podosphaera and Erysiphe. The disease development is favored by warm and dry conditions. The fungi can survive in plant debris and can be spread by wind-dispersed spores. Infection occurs when spores land on susceptible plant surfaces.

Managing powdery mildew involves implementing cultural practices such as maintaining adequate spacing between plants, providing good air circulation, and avoiding overhead irrigation. Fungicide applications may be necessary, particularly during periods of favorable conditions for disease development. Regular monitoring and early intervention are key to controlling powdery mildew."
Strawberry_Leaf_scorch," Leaf scorch, also known as angular leaf spot, is a bacterial disease that affects strawberry plants. It is caused by the bacterium Xanthomonas fragariae. Leaf scorch primarily affects the leaves of strawberry plants, causing angular, water-soaked lesions that can turn brown or black. The disease can lead to defoliation and reduced fruit quality.","Angular, water-soaked lesions on strawberry leaves.
Lesions may turn brown or black and can have a translucent border.
Infected areas may dry out, giving the leaf a scorched appearance.
Severe infections can cause defoliation and reduced fruit production."," Leaf scorch is caused by the bacterium Xanthomonas fragariae. The disease development is favored by warm and wet conditions. The bacterium can overwinter in infected plant debris and can be spread by rain splash, wind, or contaminated tools. Infection occurs through natural openings or wounds on the strawberry plant.

Managing leaf scorch involves implementing cultural practices such as crop rotation and removal of infected plant material. Copper-based sprays can be used to suppress the bacterial population, and applications are timed to coincide with periods of high disease pressure. Planting resistant strawberry varieties can also help mitigate the impact of leaf scorch."
Strawberry_healthy,Represents a healthy strawberry plant without any disease symptoms.,"Healthy strawberry plants display vigorous growth with dense foliage. The leaves are vibrant green and show no signs of discoloration, spots, or lesions. The plants produce abundant and well-formed strawberries that are fully ripe and free from damage or disease. The strawberries have a normal size, shape, and color. The stems and runners are strong and show no signs of wilting or decay.","The health of strawberry plants is influenced by favorable growing conditions and the absence of diseases, pests, and nutrient deficiencies. Healthy strawberry plants require well-drained soil, proper irrigation, and sufficient sunlight. Regular removal of weeds, adequate spacing, and appropriate fertilization contribute to the overall health and productivity of strawberry plants."
Tomato_Bacterial_spot,"Bacterial spot is a bacterial disease that affects tomato plants. It is caused by several species of the bacterium Xanthomonas. Bacterial spot primarily affects the leaves, fruit, and stems of tomato plants, causing dark, water-soaked lesions that may develop into necrotic areas. Severe infections can lead to defoliation and reduced yield.","Dark, water-soaked lesions on tomato leaves, fruit, and stems.
Lesions may enlarge and become necrotic, leading to tissue collapse.
Infected fruit develop raised, corky lesions that can render them unmarketable.
Severe infections can cause defoliation and reduced plant vigor.
","Bacterial spot is caused by several species of the bacterium Xanthomonas. The disease development is favored by warm and wet conditions. The bacteria can overwinter in infected plant debris and can be spread by wind, rain, or contaminated tools. Infection occurs through natural openings or wounds on the tomato plant.

Managing bacterial spot in tomatoes involves implementing cultural practices such as crop rotation, sanitation, and timely planting to reduce disease pressure. Copper-based sprays are commonly used to suppress the bacterial population, and applications are timed to coincide with periods of high disease pressure. Planting resistant tomato varieties can also help in disease management."
Tomato_Early_blight,"Early blight is a fungal disease that affects tomato plants. It is caused by the fungus Alternaria solani. Early blight primarily affects the leaves of tomato plants, causing dark, target-like lesions with concentric rings. The disease can progress to affect the stems, petioles, and fruits, leading to reduced yield and quality.","Dark, target-like lesions with concentric rings on tomato leaves.
Lesions may have a bullseye appearance and can expand to cover large areas of the leaf.
Infected stems and petioles may develop dark, sunken lesions.
Fruits can develop dark, sunken lesions with concentric rings.","Early blight is caused by the fungus Alternaria solani. The disease development is favored by warm and humid conditions. The fungus can overwinter in infected plant debris and can be spread by wind, rain, or contaminated tools. Infection occurs through natural openings or wounds on the tomato plant.

Managing early blight in tomatoes involves implementing cultural practices such as crop rotation, sanitation, and proper plant spacing. Fungicide applications may be necessary, especially during periods of high disease pressure. Regular pruning of affected plant parts and removal of infected debris can help prevent disease spread."
Tomato_Late_blight,"Late blight is a devastating fungal disease that affects tomato plants. It is caused by the oomycete pathogen Phytophthora infestans. Late blight can rapidly spread and cause significant damage to foliage, stems, and fruits, leading to crop loss.","Dark, water-soaked lesions on tomato leaves, often starting at the edges.
Lesions may rapidly expand, turning brown or black and becoming necrotic.
A white, fuzzy growth may develop on the underside of infected leaves during moist conditions.
Infected fruits develop dark, firm lesions that can rot.","Late blight is caused by the oomycete pathogen Phytophthora infestans. The disease development is favored by cool and moist conditions. The pathogen can survive in infected plant debris and can be spread by wind-dispersed spores. Infection occurs through natural openings or wounds on the tomato plant.

Managing late blight in tomatoes requires an integrated approach, including cultural practices and fungicide applications. Strategies include crop rotation, early detection and removal of infected plants, and regular monitoring for disease development. Fungicides with specific modes of action should be used in a preventive manner to manage the disease and minimize the risk of developing resistance."
Tomato_Leaf_Mold,"Leaf mold is a fungal disease that affects tomato plants. It is caused by the fungus Fulvia fulva (formerly known as Cladosporium fulvum). Leaf mold primarily affects the leaves of tomato plants, causing yellowing, curling, and distinctive mold growth on the lower leaf surface.","Yellowing and curling of tomato leaves, primarily affecting the lower leaves.
Distinctive mold growth on the lower leaf surface, appearing as a dense, olive-green or brownish layer.
Infected leaves may become twisted or distorted.
Unlike other tomato diseases, leaf mold does not usually cause significant blemishes on fruits.","Leaf mold is caused by the fungus Fulvia fulva. The disease development is favored by warm and humid conditions. The fungus can survive in infected plant debris and can be spread by wind-dispersed spores. Infection occurs through natural openings or wounds on the tomato plant.

Managing leaf mold in tomatoes involves implementing cultural practices such as proper plant spacing, good air circulation, and avoiding overhead irrigation. Fungicide applications may be necessary, particularly during periods of high disease pressure. Regular monitoring and removal of infected leaves can help prevent disease spread."
Tomato_Septoria_leaf_spot,"Septoria leaf spot is a fungal disease that affects tomato plants. It is caused by the fungus Septoria lycopersici. Septoria leaf spot primarily affects the leaves of tomato plants, causing small, dark lesions with light centers. The disease can progress to affect multiple leaves, leading to defoliation and reduced yield.","Small, dark lesions with light centers on tomato leaves.
Lesions may have a concentric ring pattern and can cover the entire leaf surface.
Infected leaves may yellow, wither, and eventually drop prematurely.
Fruits are typically not affected by septoria leaf spot."," Septoria leaf spot is caused by the fungus Septoria lycopersici. The disease development is favored by warm and humid conditions. The fungus can survive in infected plant debris and can be spread by rain splash or wind-dispersed spores. Infection occurs through natural openings or wounds on the tomato plant.

Managing septoria leaf spot in tomatoes involves implementing cultural practices such as crop rotation, sanitation, and proper plant spacing. Fungicide applications may be necessary, especially during periods of high disease pressure. Regular pruning of affected plant parts and removal of infected debris can help prevent disease spread."
Tomato_spider_mites Two-spotted_spider_mite,"Spider mites are small arachnids that can infest tomato plants. The two-spotted spider mite (Tetranychus urticae) is a common species that feeds on tomato foliage, causing damage and reducing plant vigor. Spider mites are tiny and may not be easily visible to the naked eye.","Fine stippling or speckling on tomato leaves, caused by the mites piercing and sucking plant cells.
Leaves may turn yellow, bronze, or become stippled and have a silvery appearance.
Severe infestations can cause webbing on the undersides of leaves and defoliation.
Presence of tiny, moving dots on the undersides of leaves (spider mites themselves).","Spider mites, including the two-spotted spider mite, can infest tomato plants under dry and hot conditions. They feed on the plant sap, piercing the cells with their mouthparts and sucking out the contents. Spider mites can multiply rapidly, leading to infestations.

Managing spider mites in tomatoes involves implementing cultural practices such as maintaining adequate plant moisture, providing good air circulation, and regular monitoring for mite presence. Natural enemies like predatory mites can be introduced for biological control. In severe infestations, insecticidal soaps or miticides may be necessary."
Tomato_Target_Spot,"Target spot is a fungal disease that affects tomato plants. It is caused by the fungus Corynespora cassiicola. Target spot primarily affects the leaves of tomato plants, causing circular, dark lesions with concentric rings and a target-like appearance.","Circular, dark lesions with concentric rings on tomato leaves.
Lesions may enlarge and have a target-like appearance.
Infected leaves may develop yellow halos surrounding the lesions.
Severely affected leaves may wither, curl, or drop prematurely.","Target spot is caused by the fungus Corynespora cassiicola. The disease development is favored by warm and humid conditions. The fungus can survive in infected plant debris and can be spread by rain splash or wind-dispersed spores. Infection occurs through natural openings or wounds on the tomato plant.

Managing target spot in tomatoes involves implementing cultural practices such as crop rotation, sanitation, and proper plant spacing. Fungicide applications may be necessary, especially during periods of high disease pressure. Regular pruning of affected plant parts and removal of infected debris can help prevent disease spread."
Tomato_Tomato_Yellow_Leaf_Curl_Virus,"Tomato Yellow Leaf Curl Virus (TYLCV) is a viral disease that affects tomato plants. It is caused by a group of viruses belonging to the genus Begomovirus. TYLCV can cause severe damage to tomato plants, leading to stunted growth, yellowing of leaves, and reduced fruit production.

","Yellowing and upward curling of tomato leaves.
Leaf curling may be accompanied by a reduction in leaf size.
Infected plants may exhibit stunted growth and reduced vigor.
Fruits may show uneven ripening and reduced quality.","Tomato Yellow Leaf Curl Virus is primarily transmitted by the sweet potato whitefly (Bemisia tabaci) in a persistent manner. The virus can also be transmitted through infected plant material, grafting, or mechanical transmission by tools or hands. Once infected, the virus replicates in the phloem tissues of the plant, causing systemic symptoms.

Managing Tomato Yellow Leaf Curl Virus involves implementing cultural practices such as the use of reflective mulches, row covers, and the removal of infected plants to control the whitefly vector. Planting virus-resistant tomato varieties can also help mitigate the impact of TYLCV. In areas where the virus is prevalent, preventive insecticide applications may be necessary."
Tomato_Tomato_mosaic_virus,"Tomato mosaic virus (ToMV) is a viral disease that affects tomato plants. It is caused by the Tomato mosaic virus, a member of the Tobamovirus genus. ToMV can cause significant damage to tomato plants, leading to mosaic patterns on leaves, stunted growth, and reduced fruit quality.","Mosaic patterns on tomato leaves, characterized by light and dark green areas.
Leaves may appear mottled, distorted, or puckered.
Plants may exhibit stunted growth and reduced vigor.
Infected fruits may show irregular ripening and reduced quality.","Tomato mosaic virus is primarily transmitted through mechanical means, such as contaminated tools, hands, or plant sap. The virus can also be transmitted through infected seeds. Once inside the plant, the virus spreads systemically, affecting various tissues.

Managing Tomato mosaic virus involves implementing cultural practices such as strict sanitation measures, including disinfecting tools, and removing and destroying infected plant material. Planting certified virus-free seeds or resistant tomato varieties can help prevent infection. Control of aphids, which can transmit the virus, is also important.




"
Tomato_healthy,Represents a healthy tomato plant without any disease symptoms.,"Healthy tomato plants display vigorous growth with lush green foliage. The leaves are free from any discoloration, spots, or lesions. The plants produce abundant and well-formed tomatoes that are fully ripe and free from damage or disease. The tomatoes have a normal size, shape, and color. The stems and branches are strong and show no signs of wilting or decay.","The health of tomato plants is influenced by suitable growing conditions and the absence of diseases, pests, and nutrient deficiencies. Healthy tomato plants require proper sunlight, well-drained soil, and regular watering. Adequate spacing, good air circulation, and appropriate fertilization contribute to the overall health and productivity of tomato plants."
